<?xml version="1.0" encoding="UTF-8"?>
<project-private xmlns="http://www.netbeans.org/ns/project-private/1">
    <editor-bookmarks xmlns="http://www.netbeans.org/ns/editor-bookmarks/2" lastBookmarkId="0"/>
    <open-files xmlns="http://www.netbeans.org/ns/projectui-open-files/2">
        <group>
            <file>file:/J:/Abdullah/Java/SqliteProjectJava/src/form1.java</file>
            <file>file:/J:/Abdullah/Java/SqliteProjectJava/src/book2.java</file>
            <file>file:/J:/Abdullah/Java/SqliteProjectJava/src/fund1.java</file>
            <file>file:/J:/Abdullah/Java/SqliteProjectJava/src/form3.java</file>
            <file>file:/J:/Abdullah/Java/SqliteProjectJava/src/Sqlite.java</file>
            <file>file:/J:/Abdullah/Java/SqliteProjectJava/src/book1.java</file>
            <file>file:/J:/Abdullah/Java/SqliteProjectJava/src/form2.java</file>
        </group>
    </open-files>
</project-private>
